{
  "1": {
    "x": 359.64620438571677,
    "y": 520.0344979082424
  },
  "2": {
    "x": 143.09775177273025,
    "y": 501.5235993035278
  },
  "3": {
    "x": -78.08916390448081,
    "y": 493.2311829323237
  },
  "4": {
    "x": 32.692401555153424,
    "y": 370.123622470962
  },
  "5": {
    "x": 103.82046777986437,
    "y": 188.04330041062013
  },
  "6": {
    "x": -167.60812013364887,
    "y": 130.52814123977066
  },
  "7": {
    "x": 178.40668788251537,
    "y": 318.4478191794288
  },
  "8": {
    "x": -62.37485039740079,
    "y": 246.7688857322271
  },
  "9": {
    "x": 313.0977670315194,
    "y": 205.61931451483147
  },
  "10": {
    "x": 302.50332108493535,
    "y": 405.6799414838475
  },
  "11": {
    "x": 627.4966483974864,
    "y": 397.1084845746677
  },
  "12": {
    "x": 682.6165274020744,
    "y": 197.0478804938355
  },
  "13": {
    "x": 815.2320548346565,
    "y": 242.48311150127
  },
  "14": {
    "x": 995.8790710896525,
    "y": 222.73354000462393
  },
  "15": {
    "x": 1047.6081048748597,
    "y": 510.5281870161378
  },
  "16": {
    "x": 943.3223993084536,
    "y": 388.0432851518309
  },
  "17": {
    "x": 777.3075989216837,
    "y": 387.266444736587
  },
  "18": {
    "x": 863.803465967469,
    "y": 518.9453858131831
  },
  "19": {
    "x": 1181.187938534887,
    "y": 175.80924383477782
  },
  "20": {
    "x": 673.2110038662364,
    "y": 520.0343758379299
  }
}