{
  "1": {
    "x": 0.2811263487900489,
    "y": 0.8572003548676096
  },
  "2": {
    "x": 0.12324215610486026,
    "y": 0.8382536168488194
  },
  "3": {
    "x": 0.05875,
    "y": 0.6768138657626461
  },
  "4": {
    "x": 0.15171028880866425,
    "y": 0.5168727018692421
  },
  "5": {
    "x": 0.11645584684123622,
    "y": 0.2705483638822994
  },
  "6": {
    "x": 0.3015297833935018,
    "y": 0.5008802482017773
  },
  "7": {
    "x": 0.20367744600525908,
    "y": 0.6878892255559438
  },
  "8": {
    "x": 0.24557310469314084,
    "y": 0.3184243250591323
  },
  "9": {
    "x": 0.38349487894487694,
    "y": 0.32365123588206773
  },
  "10": {
    "x": 0.353947364406235,
    "y": 0.6927998995320425
  },
  "11": {
    "x": 0.604933471502179,
    "y": 0.3193452541844386
  },
  "12": {
    "x": 0.7340605707233737,
    "y": 0.28079408774835996
  },
  "13": {
    "x": 0.6960984808274363,
    "y": 0.4731861447904843
  },
  "14": {
    "x": 0.8509972924187725,
    "y": 0.43312733325019337
  },
  "15": {
    "x": 0.94125,
    "y": 0.5889755338726024
  },
  "16": {
    "x": 0.796845667870036,
    "y": 0.6134054754260538
  },
  "17": {
    "x": 0.7592570574054385,
    "y": 0.8263964703915451
  },
  "18": {
    "x": 0.6778828883501407,
    "y": 0.679194680433892
  },
  "19": {
    "x": 0.8601083032490974,
    "y": 0.2192058844847962
  },
  "20": {
    "x": 0.9006478269709295,
    "y": 0.8024382426761343
  }
}